{"local": {"q_0.1": {"k": [18, 20, 78, 10, 30, 36, 8, 7, 11, 13, 34, 12, 71, 87, 14, 16, 28, 21, 9, 23, 59, 15, 40, 43, 42, 111, 35, 19, 32, 24, 31, 33, 61, 26, 109, 17, 133, 96, 46, 55, 22, 158, 27, 120, 48, 39, 66, 25, 56, 53, 77, 38, 100, 37, 29, 54, 68, 82, 72], "f": [1.0, 1.0, 1.0, 1.0, 1.0, 1.0, 1.0, 1.0, 1.0, 1.0, 1.0, 1.0, 1.0, 1.0, 1.0, 1.0, 1.0, 1.0, 1.0, 1.0, 1.0, 1.0, 1.0, 1.0, 1.0, 1.0, 1.0, 1.0, 1.0, 1.0, 1.0, 1.0, 1.0, 1.0, 1.0, 1.0, 1.0, 1.0, 1.0, 1.0, 1.0, 1.0, 1.0, 1.0, 1.0, 1.0, 1.0, 1.0, 1.0, 1.0, 1.0, 1.0, 1.0, 1.0, 1.0, 1.0, 1.0, 1.0, 1.0], "tau": [12.208333333333334, 13.458333333333334, 19.1875, 8.367647058823529, 15.785714285714286, 17.58823529411765, 7.091463414634147, 6.309523809523809, 9.10377358490566, 10.066666666666666, 16.318181818181817, 9.441666666666666, 18.5, 18.6, 10.584905660377359, 11.63888888888889, 14.625, 13.076923076923077, 7.630434782608695, 14.45945945945946, 20.071428571428573, 10.964912280701755, 17.791666666666668, 18.818181818181817, 17.263157894736842, 19.0, 15.538461538461538, 12.981132075471699, 16.90909090909091, 14.866666666666667, 18.5, 15.588235294117647, 19.714285714285715, 15.088235294117647, 22.933333333333334, 11.95, 18.23076923076923, 19.375, 18.428571428571427, 18.5, 14.208333333333334, 19.666666666666668, 15.333333333333334, 19.714285714285715, 18.63157894736842, 16.875, 19.153846153846153, 13.666666666666666, 20.05, 20.333333333333332, 20.22222222222222, 17.333333333333332, 18.357142857142858, 18.5, 16.642857142857142, 20.0, 18.363636363636363, 21.4, 18.571428571428573], "f_mean": 1.0, "tau_mean": 11.982}, "q_0.3": {"k": [33, 10, 18, 9, 11, 29, 7, 26, 22, 42, 8, 34, 19, 13, 17, 36, 96, 40, 72, 32, 28, 39, 24, 100, 71, 12, 14, 15, 111, 77, 48, 23, 16, 27, 30, 25, 158, 68, 37, 21, 109, 82, 87, 55, 133, 20, 56, 120, 78, 43, 35, 38, 54, 61, 66, 31, 46, 59, 53], "f": [1.0, 1.0, 1.0, 1.0, 1.0, 1.0, 1.0, 1.0, 1.0, 1.0, 1.0, 1.0, 1.0, 1.0, 1.0, 1.0, 1.0, 1.0, 1.0, 1.0, 1.0, 1.0, 1.0, 1.0, 1.0, 1.0, 1.0, 1.0, 1.0, 1.0, 1.0, 1.0, 1.0, 1.0, 1.0, 1.0, 1.0, 1.0, 1.0, 1.0, 1.0, 1.0, 1.0, 1.0, 1.0, 1.0, 1.0, 1.0, 1.0, 1.0, 1.0, 1.0, 1.0, 1.0, 1.0, 1.0, 1.0, 1.0, 1.0], "tau": [8.642857142857142, 6.026143790849673, 7.15, 5.516778523489933, 6.196261682242991, 8.529411764705882, 5.012345679012346, 7.771428571428571, 7.409090909090909, 9.0, 5.346153846153846, 8.791666666666666, 7.448979591836735, 6.662650602409639, 7.0588235294117645, 8.95, 9.0, 8.727272727272727, 9.272727272727273, 8.55, 7.7727272727272725, 8.333333333333334, 7.823529411764706, 8.375, 8.882352941176471, 6.7272727272727275, 6.934426229508197, 6.518518518518518, 9.3, 9.166666666666666, 9.071428571428571, 8.25, 7.078431372549019, 8.107142857142858, 8.38888888888889, 7.833333333333333, 8.434782608695652, 8.333333333333334, 8.7, 8.038461538461538, 10.636363636363637, 10.5, 8.818181818181818, 8.571428571428571, 8.6875, 7.535714285714286, 8.0, 8.818181818181818, 9.6, 9.125, 8.785714285714286, 8.2, 9.625, 8.615384615384615, 9.1, 8.666666666666666, 8.923076923076923, 8.444444444444445, 9.75], "f_mean": 1.0, "tau_mean": 6.8905}, "q_0.5": {"k": [8, 9, 11, 7, 133, 10, 39, 71, 17, 15, 34, 30, 109, 53, 12, 54, 100, 18, 87, 21, 37, 26, 14, 27, 33, 13, 23, 36, 96, 158, 56, 28, 48, 32, 78, 40, 25, 20, 22, 59, 111, 46, 61, 24, 19, 16, 120, 72, 55, 66, 29, 82, 42, 35, 77, 68, 43, 31, 38], "f": [1.0, 1.0, 1.0, 1.0, 1.0, 1.0, 1.0, 1.0, 1.0, 1.0, 1.0, 1.0, 1.0, 1.0, 1.0, 1.0, 1.0, 1.0, 1.0, 1.0, 1.0, 1.0, 1.0, 1.0, 1.0, 1.0, 1.0, 1.0, 1.0, 1.0, 1.0, 1.0, 1.0, 1.0, 1.0, 1.0, 1.0, 1.0, 1.0, 1.0, 1.0, 1.0, 1.0, 1.0, 1.0, 1.0, 1.0, 1.0, 1.0, 1.0, 1.0, 1.0, 1.0, 1.0, 1.0, 1.0, 1.0, 1.0, 1.0], "tau": [4.102702702702703, 4.3125, 4.642857142857143, 4.048543689320389, 6.0, 4.5, 5.357142857142857, 5.619047619047619, 5.051282051282051, 5.019230769230769, 6.074074074074074, 5.625, 7.0, 6.0, 4.747572815533981, 6.5, 5.533333333333333, 5.390243902439025, 6.25, 5.529411764705882, 6.166666666666667, 5.361111111111111, 5.115384615384615, 5.666666666666667, 5.882352941176471, 4.905882352941177, 5.375, 5.76, 6.3125, 5.9, 6.235294117647059, 5.35, 6.333333333333333, 5.913043478260869, 5.928571428571429, 6.045454545454546, 5.125, 5.185185185185185, 5.545454545454546, 5.3, 6.0, 5.928571428571429, 5.714285714285714, 6.05, 5.191489361702128, 5.130434782608695, 6.5625, 6.083333333333333, 6.0, 5.888888888888889, 6.0, 6.846153846153846, 6.2631578947368425, 5.5, 5.818181818181818, 5.4, 6.666666666666667, 5.777777777777778, 5.333333333333333], "f_mean": 1.0, "tau_mean": 5.048}, "q_0.8": {"k": [42, 40, 27, 9, 56, 12, 28, 68, 14, 77, 8, 23, 7, 24, 72, 11, 10, 29, 20, 19, 17, 34, 35, 13, 25, 158, 48, 18, 78, 16, 61, 36, 96, 133, 15, 111, 32, 39, 21, 46, 100, 82, 26, 109, 87, 33, 30, 22, 120, 38, 59, 43, 71, 55, 37, 53, 66, 54, 31], "f": [1.0, 1.0, 1.0, 1.0, 1.0, 1.0, 1.0, 1.0, 1.0, 1.0, 1.0, 1.0, 1.0, 1.0, 1.0, 1.0, 1.0, 1.0, 1.0, 1.0, 1.0, 1.0, 1.0, 1.0, 1.0, 1.0, 1.0, 1.0, 1.0, 1.0, 1.0, 1.0, 1.0, 1.0, 1.0, 1.0, 1.0, 1.0, 1.0, 1.0, 1.0, 1.0, 1.0, 1.0, 1.0, 1.0, 1.0, 1.0, 1.0, 1.0, 1.0, 1.0, 1.0, 1.0, 1.0, 1.0, 1.0, 1.0, 1.0], "tau": [3.789473684210526, 3.7, 3.625, 3.0206896551724136, 3.75, 3.2551020408163267, 3.1, 3.625, 3.340909090909091, 3.9411764705882355, 2.9080459770114944, 3.40625, 2.9082125603864735, 3.2916666666666665, 3.75, 3.142857142857143, 3.1311475409836067, 3.75, 3.56, 3.510204081632653, 3.3859649122807016, 3.689655172413793, 3.3076923076923075, 3.4193548387096775, 3.2222222222222223, 3.619047619047619, 3.8076923076923075, 3.425531914893617, 3.727272727272727, 3.4390243902439024, 3.5, 3.7916666666666665, 3.8, 3.611111111111111, 3.36, 3.5789473684210527, 3.727272727272727, 3.7142857142857144, 3.53125, 3.6153846153846154, 3.625, 3.9, 3.6666666666666665, 4.285714285714286, 3.6, 3.7, 3.357142857142857, 3.5517241379310347, 3.8518518518518516, 3.625, 3.75, 3.0, 3.4210526315789473, 3.5, 3.8333333333333335, 3.3333333333333335, 3.857142857142857, 4.666666666666667, 3.6666666666666665], "f_mean": 1.0, "tau_mean": 3.338}, "q_1.0": {"k": [16, 9, 68, 48, 17, 32, 8, 7, 26, 100, 14, 56, 82, 33, 28, 11, 13, 109, 78, 19, 30, 10, 158, 18, 36, 42, 15, 21, 71, 40, 43, 46, 12, 20, 59, 24, 23, 54, 111, 53, 39, 22, 29, 27, 133, 120, 37, 87, 66, 61, 96, 77, 34, 31, 55, 25, 38, 72, 35], "f": [1.0, 1.0, 1.0, 1.0, 1.0, 1.0, 1.0, 1.0, 1.0, 1.0, 1.0, 1.0, 1.0, 1.0, 1.0, 1.0, 1.0, 1.0, 1.0, 1.0, 1.0, 1.0, 1.0, 1.0, 1.0, 1.0, 1.0, 1.0, 1.0, 1.0, 1.0, 1.0, 1.0, 1.0, 1.0, 1.0, 1.0, 1.0, 1.0, 1.0, 1.0, 1.0, 1.0, 1.0, 1.0, 1.0, 1.0, 1.0, 1.0, 1.0, 1.0, 1.0, 1.0, 1.0, 1.0, 1.0, 1.0, 1.0, 1.0], "tau": [2.0, 2.0, 2.0, 2.0, 2.0, 2.0, 2.0, 2.0, 2.0, 2.0, 2.0, 2.0, 2.0, 2.0, 2.0, 2.0, 2.0, 2.0, 2.0, 2.0, 2.0, 2.0, 2.0, 2.0, 2.0, 2.0, 2.0, 2.0, 2.0, 2.0, 2.0, 2.0, 2.0, 2.0, 2.0, 2.0, 2.0, 2.0, 2.0, 2.0, 2.0, 2.0, 2.0, 2.0, 2.0, 2.0, 2.0, 2.0, 2.0, 2.0, 2.0, 2.0, 2.0, 2.0, 2.0, 2.0, 2.0, 2.0, 2.0], "f_mean": 1.0, "tau_mean": 2.0}}, "entire": {"q_0.5": {"k": [8, 66, 37, 21, 71, 9, 13, 48, 26, 30, 7, 18, 43, 16, 29, 59, 120, 96, 19, 10, 87, 17, 11, 111, 12, 54, 20, 35, 56, 22, 36, 158, 61, 82, 31, 15, 23, 34, 25, 42, 53, 39, 46, 28, 27, 33, 133, 109, 14, 78, 72, 40, 24, 32, 77, 68, 100, 38], "F_N": [1.0, 1.0, 1.0, 1.0, 1.0, 1.0, 1.0, 1.0, 1.0, 1.0, 1.0, 1.0, 1.0, 1.0, 1.0, 1.0, 1.0, 1.0, 1.0, 1.0, 1.0, 1.0, 1.0, 1.0, 1.0, 1.0, 1.0, 1.0, 1.0, 1.0, 1.0, 1.0, 1.0, 1.0, 1.0, 1.0, 1.0, 1.0, 1.0, 1.0, 1.0, 1.0, 1.0, 1.0, 1.0, 1.0, 1.0, 1.0, 1.0, 1.0, 1.0, 1.0, 1.0, 1.0, 1.0, 1.0, 1.0, 1.0], "tau_max": [4.853658536585366, 6.0, 5.0, 4.888888888888889, 4.714285714285714, 4.806451612903226, 5.111111111111111, 5.0, 5.0, 5.0, 4.8936170212765955, 4.8, 5.0, 4.875, 5.0, 5.0, 4.666666666666667, 5.0, 4.888888888888889, 4.894736842105263, 5.0, 5.0, 4.833333333333333, 4.8, 4.928571428571429, 4.5, 5.428571428571429, 5.0, 5.0, 5.0, 5.5, 4.75, 4.5, 5.0, 6.0, 4.857142857142857, 5.0, 4.75, 5.0, 5.0, 4.666666666666667, 5.0, 5.25, 4.6, 5.5, 4.5, 4.6, 5.0, 4.888888888888889, 5.0, 5.0, 4.5, 5.0, 5.0, 4.5, 5.0, 5.0, 5.0]},